id,alias,name,image_url,is_closed,url,review_count,categories,rating,transactions,price,phone,display_phone,distance,coordinates.latitude,coordinates.longitude,location.address1,location.address2,location.address3,location.city,location.zip_code,location.country,location.state,location.display_address,AirBnB_id
fakeYelpID1,my-fake-business-a-nashville,My Fake Business A,https://s3-media2.fl.yelpcdn.com/bphoto/myfakebusinessa/o.jpg,FALSE,https://www.yelp.com/biz/myfakebusinessa,6500,"[{'alias': 'tradamerican', 'title': 'American (Traditional)'}, {'alias': 'cigarbars', 'title': 'Cigar Bars'}]",4,"['pickup', 'delivery']",$$$,16151234567,(615) 123 4567,1,36.1,-86.1,123 Fake Address Street,,,Nashville,37203,US,TN,"['123 Fake Address Street', 'Nashville, TN 37203']",72906
fakeYelpID2,my-fake-business-b-nashville,My Fake Business B,https://s3-media2.fl.yelpcdn.com/bphoto/myfakebusinessb/o.jpg,FALSE,https://www.yelp.com/biz/myfakebusinessb,1300,"[{'alias': 'italian', 'title': 'Italian'}]",4,[],$$,16152345678,(615) 234 5678,1.6,36.2,-86.2,124 Fake Address Street,,,Nashville,37208,US,TN,"['124 Fake Address Street', 'Nashville, TN 37208']",72906
fakeYelpID3,my-fake-business-c-nashville,My Fake Business C,https://s3-media2.fl.yelpcdn.com/bphoto/myfakebusinessc/o.jpg,FALSE,https://www.yelp.com/biz/myfakebusinessc,1234,"[{'alias': 'cocktailbars', 'title': 'Cocktail Bars'}]",4,['restaurant_reservation'],$$,16153456789,(615) 345 6789,2.9,36.3,-86.3,125 Fake Address Street,,,Nashville,37201,US,TN,"['125 Fake Address Street', 'Nashville, TN 37201']",72906
fakeYelpID4,my-fake-business-d-nashville,My Fake Business D,https://s3-media2.fl.yelpcdn.com/bphoto/myfakebusinessd/o.jpg,FALSE,https://www.yelp.com/biz/myfakebusinessd,9876,"[{'alias': 'pianobars', 'title': 'Piano Bars'}]",4,['restaurant_reservation'],$$,16154567890,(615) 456 7890,3.3,36.4,-86.4,126 Fake Address Street,,,Nashville,37203,US,TN,"['126 Fake Address Street', 'Nashville, TN 37203']",72906
fakeYelpID5,my-fake-business-e-nashville,My Fake Business E,https://s3-media2.fl.yelpcdn.com/bphoto/myfakebusinesse/o.jpg,FALSE,https://www.yelp.com/biz/myfakebusinesse,369,"[{'alias': 'hiking', 'title': 'Hiking'}]",4.5,[],$,16155678901,(615) 567 8901,4,36.5,-86.5,127 Fake Address Street,,,Nashville,37203,US,TN,"['127 Fake Address Street', 'Nashville, TN 37203']",72906
